aX_mean,aX_stddev,aX_rms,aX_min,aX_max,aX_psdMean,aX_psdMax,aY_mean,aY_stddev,aY_rms,aY_min,aY_max,aY_psdMean,aY_psdMax,aZ_mean,aZ_stddev,aZ_rms,aZ_min,aZ_max,aZ_psdMean,aZ_psdMax,gX_mean,gX_stddev,gX_rms,gX_min,gX_max,gX_psdMean,gX_psdMax,gY_mean,gY_stddev,gY_rms,gY_min,gY_max,gY_psdMean,gY_psdMax,gZ_mean,gZ_stddev,gZ_rms,gZ_min,gZ_max,gZ_psdMean,gZ_psdMax
0.527275,0.048050,0.529460,0.411575,0.601578,0.000049,0.001718,0.429142,0.047605,0.431774,0.189850,0.532715,0.000049,0.001138,0.573389,0.067957,0.577402,0.406296,0.708740,0.000099,0.003296,0.512781,0.040985,0.514416,0.376602,0.571060,0.000036,0.000948,0.498778,0.043352,0.500659,0.352631,0.564316,0.000040,0.000792,0.524654,0.039980,0.526175,0.428513,0.614853,0.000034,0.000647
0.602674,0.018451,0.602956,0.569168,0.651108,0.000007,0.000286,0.453787,0.057626,0.457431,0.267685,0.690445,0.000071,0.002004,0.497965,0.038474,0.499449,0.378998,0.580612,0.000032,0.001076,0.475410,0.026410,0.476143,0.386917,0.538025,0.000015,0.000167,0.507850,0.017923,0.508166,0.467712,0.548172,0.000007,0.000141,0.504187,0.025342,0.504824,0.431870,0.558914,0.000014,0.000311
0.581243,0.068350,0.585248,0.340271,0.701599,0.000099,0.001259,0.457121,0.136815,0.477157,0.143997,1.000000,0.000396,0.004180,0.474328,0.030862,0.475331,0.371078,0.565598,0.000020,0.000289,0.495940,0.014766,0.496160,0.438934,0.531128,0.000005,0.000055,0.499541,0.012480,0.499697,0.474380,0.535934,0.000003,0.000046,0.505654,0.053953,0.508524,0.436981,0.742081,0.000062,0.000883
0.548117,0.054140,0.550784,0.425827,0.623444,0.000063,0.001899,0.503043,0.070346,0.507937,0.371109,0.614487,0.000106,0.002859,0.386646,0.040102,0.388720,0.287033,0.463882,0.000034,0.000852,0.497004,0.020148,0.497412,0.441101,0.540726,0.000009,0.000154,0.508317,0.016878,0.508597,0.477936,0.547928,0.000006,0.000147,0.498445,0.037732,0.499871,0.400925,0.583344,0.000030,0.001115
0.495448,0.040837,0.497128,0.403275,0.571121,0.000036,0.000906,0.401413,0.041275,0.403529,0.239059,0.504608,0.000037,0.000297,0.490134,0.088413,0.498044,0.276520,0.691162,0.000168,0.004083,0.478153,0.050467,0.480809,0.189972,0.557526,0.000055,0.000435,0.493298,0.030510,0.494240,0.395386,0.545944,0.000020,0.000550,0.503639,0.017196,0.503932,0.470291,0.572388,0.000006,0.000075
0.526601,0.034339,0.527720,0.438644,0.589645,0.000025,0.000398,0.399486,0.043993,0.401901,0.312775,0.511475,0.000041,0.000928,0.527169,0.052521,0.529779,0.387512,0.666489,0.000059,0.001093,0.496348,0.037001,0.497726,0.400284,0.564514,0.000029,0.000779,0.514441,0.046337,0.516523,0.424454,0.625946,0.000046,0.001007,0.506877,0.034991,0.508084,0.403946,0.572769,0.000026,0.000680
0.503383,0.057939,0.506707,0.370529,0.595917,0.000073,0.003073,0.423188,0.067027,0.428463,0.289673,0.651505,0.000097,0.001995,0.555555,0.064281,0.559262,0.396988,0.672852,0.000089,0.002630,0.506113,0.043583,0.507986,0.403412,0.587891,0.000041,0.000988,0.495423,0.039915,0.497029,0.415375,0.597443,0.000034,0.000753,0.489854,0.072283,0.495159,0.279327,0.649597,0.000113,0.002949
0.419012,0.038970,0.420820,0.267593,0.494553,0.000032,0.000362,0.401980,0.107660,0.416147,0.045959,0.657501,0.000245,0.007478,0.556682,0.066287,0.560614,0.391846,0.768402,0.000093,0.002246,0.497569,0.035121,0.498807,0.387390,0.601196,0.000026,0.000709,0.495767,0.046671,0.497959,0.391266,0.622986,0.000046,0.001194,0.499397,0.067433,0.503929,0.326889,0.693329,0.000096,0.002915
0.422792,0.071175,0.428741,0.218857,0.538177,0.000109,0.002387,0.419911,0.042972,0.422104,0.335526,0.508377,0.000040,0.000670,0.560637,0.042934,0.562279,0.491013,0.648788,0.000040,0.000872,0.491053,0.021325,0.491516,0.430771,0.529099,0.000010,0.000147,0.488697,0.062998,0.492741,0.335968,0.612671,0.000085,0.002606,0.529951,0.071193,0.534711,0.395905,0.653427,0.000109,0.003763
0.420085,0.052793,0.423389,0.275467,0.514984,0.000060,0.001504,0.395386,0.066757,0.400982,0.234329,0.520966,0.000095,0.001975,0.527619,0.067001,0.531856,0.384033,0.647018,0.000096,0.001720,0.490688,0.029071,0.491548,0.384796,0.535660,0.000018,0.000225,0.565757,0.056261,0.568548,0.467575,0.677124,0.000068,0.001933,0.482938,0.074149,0.488597,0.318787,0.625946,0.000118,0.003199
0.411035,0.056753,0.414934,0.275650,0.524567,0.000069,0.002160,0.425003,0.067830,0.430382,0.281693,0.593750,0.000099,0.002071,0.567240,0.044498,0.568982,0.488037,0.665009,0.000043,0.001104,0.475086,0.031904,0.476156,0.386658,0.537430,0.000022,0.000592,0.505641,0.068886,0.510311,0.338242,0.593491,0.000102,0.002834,0.487169,0.083265,0.494233,0.299881,0.627060,0.000149,0.004932
0.349460,0.043064,0.352104,0.275589,0.464264,0.000039,0.001003,0.469373,0.056592,0.472772,0.331421,0.574463,0.000068,0.001591,0.522746,0.046418,0.524803,0.423416,0.635666,0.000046,0.001054,0.452596,0.043657,0.454697,0.348801,0.552887,0.000040,0.000835,0.455116,0.070892,0.460604,0.334534,0.659973,0.000106,0.002363,0.541618,0.055806,0.544485,0.412827,0.658508,0.000066,0.001408
0.378679,0.073943,0.385830,0.223694,0.578705,0.000116,0.002784,0.458925,0.067477,0.463859,0.283356,0.602646,0.000097,0.001446,0.547393,0.051540,0.549814,0.457230,0.634460,0.000056,0.001500,0.499173,0.046388,0.501323,0.417114,0.629791,0.000046,0.001915,0.533018,0.068316,0.537378,0.400879,0.631577,0.000099,0.003398,0.492178,0.077604,0.498259,0.284683,0.629028,0.000128,0.002448
0.389289,0.043514,0.391713,0.283890,0.519104,0.000041,0.000764,0.428483,0.046191,0.430966,0.365128,0.554642,0.000047,0.000769,0.485488,0.030999,0.486477,0.433426,0.568802,0.000021,0.000372,0.537248,0.020798,0.537650,0.477539,0.584381,0.000009,0.000132,0.544744,0.040005,0.546211,0.458420,0.624847,0.000035,0.000635,0.478901,0.047807,0.481282,0.365936,0.565582,0.000050,0.001183
0.363685,0.076250,0.371592,0.167786,0.466583,0.000125,0.004279,0.447816,0.054942,0.451174,0.348129,0.561615,0.000065,0.001973,0.518716,0.047178,0.520857,0.448395,0.641953,0.000048,0.001208,0.455921,0.028376,0.456803,0.407944,0.510422,0.000017,0.000450,0.474035,0.075147,0.479954,0.301758,0.569687,0.000121,0.004598,0.531694,0.044787,0.533577,0.454453,0.622742,0.000043,0.000880
0.457316,0.073810,0.463234,0.357224,0.570663,0.000118,0.005836,0.429547,0.052665,0.432764,0.269592,0.518707,0.000060,0.001105,0.526839,0.076537,0.532370,0.296722,0.638611,0.000127,0.003610,0.507350,0.025377,0.507984,0.441666,0.557602,0.000014,0.000400,0.529910,0.062494,0.533582,0.386169,0.619797,0.000085,0.003036,0.487474,0.040163,0.489126,0.363342,0.549652,0.000035,0.000423
0.431749,0.125384,0.449587,0.116165,0.620483,0.000338,0.009830,0.475240,0.191653,0.512429,0.089096,0.849442,0.000789,0.033866,0.522181,0.130127,0.538150,0.250748,0.817657,0.000364,0.014127,0.497362,0.015374,0.497600,0.458374,0.524338,0.000005,0.000064,0.504483,0.097363,0.513792,0.316010,0.719299,0.000204,0.006966,0.512821,0.143390,0.532490,0.248566,0.862549,0.000442,0.015664
0.356476,0.164894,0.392766,0.000015,0.631668,0.000581,0.010141,0.430303,0.167491,0.461750,0.000015,0.989853,0.000600,0.016434,0.492081,0.168985,0.520288,0.111298,0.999985,0.000610,0.012320,0.498930,0.030656,0.499871,0.427124,0.581009,0.000020,0.000346,0.484378,0.141642,0.504663,0.123398,0.810593,0.000429,0.008478,0.466647,0.153992,0.491399,0.058746,0.812454,0.000507,0.016816
0.443089,0.035396,0.444500,0.358292,0.499786,0.000027,0.000729,0.392895,0.032372,0.394226,0.327805,0.479309,0.000022,0.000516,0.503661,0.031754,0.504661,0.451111,0.570709,0.000022,0.000430,0.495160,0.009397,0.495249,0.466934,0.517151,0.000002,0.000030,0.501473,0.021087,0.501917,0.454971,0.565384,0.000009,0.000269,0.503362,0.024977,0.503982,0.461166,0.567581,0.000013,0.000348
0.510480,0.047057,0.512644,0.347427,0.644684,0.000047,0.000789,0.546199,0.065048,0.550058,0.301102,0.687500,0.000090,0.001724,0.598968,0.048414,0.600921,0.489960,0.761719,0.000050,0.000709,0.508799,0.062878,0.512669,0.178558,0.727737,0.000084,0.000838,0.501251,0.060157,0.504848,0.041046,0.643097,0.000077,0.000734,0.497500,0.038104,0.498957,0.290115,0.684006,0.000031,0.000206
0.556214,0.048789,0.558350,0.369370,0.621078,0.000051,0.000882,0.475267,0.034983,0.476553,0.362549,0.619598,0.000026,0.000564,0.581436,0.033558,0.582404,0.464386,0.624863,0.000024,0.000380,0.492627,0.024488,0.493236,0.327423,0.557770,0.000013,0.000108,0.496595,0.016782,0.496879,0.426666,0.517899,0.000006,0.000107,0.486897,0.028133,0.487710,0.397034,0.557587,0.000017,0.000275
0.414483,0.049754,0.417459,0.243164,0.484726,0.000053,0.001279,0.562914,0.039346,0.564288,0.483688,0.774399,0.000033,0.000484,0.434987,0.043967,0.437204,0.181061,0.555634,0.000041,0.000342,0.495517,0.065265,0.499796,0.165817,0.742020,0.000092,0.000772,0.519205,0.083539,0.525882,0.399719,0.935837,0.000150,0.001760,0.491672,0.076767,0.497629,0.204559,0.591599,0.000127,0.003202
0.324727,0.099876,0.339739,0.000015,0.622223,0.000213,0.003362,0.497001,0.080845,0.503533,0.291702,0.677032,0.000139,0.002065,0.446724,0.104442,0.458771,0.176773,0.715302,0.000233,0.003047,0.496199,0.076483,0.502059,0.285645,0.645874,0.000125,0.002324,0.487115,0.115588,0.500641,0.294083,0.881912,0.000285,0.004088,0.516827,0.086948,0.524090,0.350021,0.690460,0.000161,0.002931
